{
  "hello world": {
    "Chinese": "\u4f60\u597d\u4e16\u754c",
    "Dutch": "Hello wereld",
    "English": "Hello world",
    "French": "Bonjour monde",
    "German": "Hallo Welt",
    "Greek": "\u03b3\u03b5\u03b9\u03ac \u03c3\u03bf\u03c5 \u03ba\u03cc\u03c3\u03bc\u03bf\u03c2",
    "Italian": "Ciao mondo",
    "Japanese": "\u3053\u3093\u306b\u3061\u306f\u4e16\u754c",
    "Korean": "\uc5ec\ubcf4\uc138\uc694 \uc138\uacc4",
    "Portuguese": "Ol\u00e1 mundo",
    "Russian": "\u0417\u0434\u0440\u0430\u0432\u0441\u0442\u0432\u0443\u043b\u0442\u0435 \u043c\u0438\u0440",
    "Spanish": "Hola mundo",
    "Amharic": "\u1235\u120b\u121d \u12a0\u1208\u121d",
    "Hebrew": "\u05e9\u05dc\u05d5\u05dd \u05e2\u05d5\u05dc\u05dd",
    "Hindi": "\u0939\u0948\u0932\u094b \u0935\u0930\u094d\u0932\u094d\u0921",
    "Arabic": "\u0645\u0631\u062d\u0628\u0627 \u0628\u0627\u0644\u0639\u0627\u0644\u0645",
    "Urdu": "\u06c1\u06cc\u0644\u0648 \u062f\u0646\u06cc\u0627",
    "Thai": "\u0e2a\u0e27\u0e31\u0e2a\u0e14\u0e35\u0e0a\u0e32\u0e27\u0e42\u0e25\u0e01"
  },
  "UCS4 support?": "\u2713"
}
