{
  "hello world": {
    "Chinese": "你好世界",
    "Dutch": "Hello wereld",
    "English": "Hello world",
    "French": "Bonjour monde",
    "German": "Hallo Welt",
    "Greek": "γειά σου κόσμος",
    "Italian": "Ciao mondo",
    "Japanese": "こんにちは世界",
    "Korean": "여보세요 세계",
    "Portuguese": "Olá mundo",
    "Russian": "Здравствулте мир",
    "Spanish": "Hola mundo",
    "Amharic": "ስላም አለም",
    "Hebrew": "שלום עולם",
    "Hindi": "हैलो वर्ल्ड",
    "Arabic": "مرحبا بالعالم",
    "Urdu": "ہیلو دنیا",
    "Thai": "สวัสดีชาวโลก"
  },
  "UCS4 support?": "✓"
}
