[
  {
    "_id": "54f51aa35bb530680d949583",
    "index": 0,
    "guid": "375ad5c0-fb95-40a6-8784-9ff24cffc0db",
    "isActive": false,
    "balance": "$1,706.03",
    "picture": "http://placehold.it/32x32",
    "age": 27,
    "eyeColor": "brown",
    "name": "Marylou Nolan",
    "gender": "female",
    "company": "PERKLE",
    "email": "marylounolan@perkle.com",
    "phone": "+1 (813) 414-2199",
    "address": "339 Caton Avenue, Interlochen, Northern Mariana Islands, 6893",
    "about": "Labore voluptate in mollit officia ad sunt non sunt minim et laboris occaecat. Duis adipisicing quis nulla non. Cupidatat commodo mollit sit eu reprehenderit aliqua non et dolor exercitation ut elit reprehenderit tempor. Fugiat occaecat occaecat consequat eu est non voluptate irure. Sunt proident mollit nisi aliqua labore id. Nulla adipisicing occaecat ea Lorem aute non laboris minim incididunt minim esse amet eu. Laborum et et laborum adipisicing tempor occaecat proident consequat.\r\n",
    "registered": "2014-10-24T13:25:19 +05:00",
    "latitude": -18.630624,
    "longitude": 162.654205,
    "tags": [
      "et",
      "minim",
      "sunt",
      "pariatur",
      "incididunt",
      "magna",
      "ea"
    ],
    "friends": [
      {
        "id": 0,
        "name": "Lloyd Mercado"
      },
      {
        "id": 1,
        "name": "Candice Casey"
      },
      {
        "id": 2,
        "name": "Millicent Wiley"
      }
    ],
    "greeting": "Hello, Marylou Nolan! You have 10 unread messages.",
    "favoriteFruit": "strawberry"
  },
  {
    "_id": "54f51aa317d79ada424f0ad5",
    "index": 1,
    "guid": "93628df8-f3e8-4c1b-a102-108dcb585ed9",
    "isActive": false,
    "balance": "$3,697.78",
    "picture": "http://placehold.it/32x32",
    "age": 22,
    "eyeColor": "brown",
    "name": "Kent Rhodes",
    "gender": "male",
    "company": "PROSELY",
    "email": "kentrhodes@prosely.com",
    "phone": "+1 (977) 597-2631",
    "address": "407 Garden Street, Slovan, Nebraska, 3521",
    "about": "Deserunt incididunt elit occaecat consequat do ea sit esse. Commodo fugiat velit irure laboris deserunt ullamco fugiat do. Sint pariatur ullamco irure officia duis mollit quis incididunt laboris occaecat adipisicing culpa proident. In nisi et reprehenderit ea irure aliquip pariatur. Occaecat ad deserunt ipsum do sit. Consequat et amet minim proident in eu commodo aute non magna est duis ex occaecat.\r\n",
    "registered": "2014-08-08T15:02:49 +05:00",
    "latitude": -44.099051,
    "longitude": -33.141406,
    "tags": [
      "laboris",
      "aute",
      "cillum",
      "eu",
      "minim",
      "dolor",
      "ea"
    ],
    "friends": [
      {
        "id": 0,
        "name": "Blevins Spears"
      },
      {
        "id": 1,
        "name": "Stanton Mcdonald"
      },
      {
        "id": 2,
        "name": "Magdalena Hardin"
      }
    ],
    "greeting": "Hello, Kent Rhodes! You have 6 unread messages.",
    "favoriteFruit": "banana"
  },
  {
    "_id": "54f51aa39100932f434d6a16",
    "index": 2,
    "guid": "84de1122-08ee-4eb3-90f3-dd40ab114412",
    "isActive": false,
    "balance": "$3,536.64",
    "picture": "http://placehold.it/32x32",
    "age": 40,
    "eyeColor": "brown",
    "name": "Thelma Benson",
    "gender": "female",
    "company": "MATRIXITY",
    "email": "thelmabenson@matrixity.com",
    "phone": "+1 (972) 498-3403",
    "address": "685 Diamond Street, Snelling, Tennessee, 3809",
    "about": "Duis occaecat culpa nostrud amet ipsum nostrud proident adipisicing reprehenderit eu sit labore non. Incididunt commodo consequat veniam mollit in dolor anim dolor pariatur ex ullamco. Qui ea enim aliqua esse tempor. Sint in nostrud exercitation incididunt qui id sunt voluptate aute culpa enim labore ad. Enim laborum officia est est excepteur laborum nisi fugiat aliquip ad minim ullamco. Commodo ut mollit est nulla est ea ullamco pariatur consectetur nostrud occaecat enim.\r\n",
    "registered": "2015-01-09T21:34:04 +06:00",
    "latitude": 29.45698,
    "longitude": -154.777019,
    "tags": [
      "sit",
      "sit",
      "et",
      "deserunt",
      "qui",
      "nulla",
      "ex"
    ],
    "friends": [
      {
        "id": 0,
        "name": "Amelia Cain"
      },
      {
        "id": 1,
        "name": "Katrina Flynn"
      },
      {
        "id": 2,
        "name": "Latasha Mcmahon"
      }
    ],
    "greeting": "Hello, Thelma Benson! You have 5 unread messages.",
    "favoriteFruit": "strawberry"
  },
  {
    "_id": "54f51aa3984f963820aec09a",
    "index": 3,
    "guid": "93555f64-7202-4c86-8b39-dd1cd9744ec1",
    "isActive": true,
    "balance": "$1,438.22",
    "picture": "http://placehold.it/32x32",
    "age": 31,
    "eyeColor": "green",
    "name": "Debbie George",
    "gender": "female",
    "company": "BUZZOPIA",
    "email": "debbiegeorge@buzzopia.com",
    "phone": "+1 (981) 463-2560",
    "address": "850 Adams Street, Buxton, Rhode Island, 7753",
    "about": "Ut quis id duis ut pariatur consequat occaecat sint minim nulla ut. Veniam ea sint officia sunt quis. Esse occaecat reprehenderit enim nulla veniam proident consequat anim consequat tempor aute ex officia fugiat. Sint nulla aute esse irure laborum consequat anim consequat non eiusmod sunt eu aliquip.\r\n",
    "registered": "2014-07-19T00:03:09 +05:00",
    "latitude": 51.920199,
    "longitude": -154.84979,
    "tags": [
      "adipisicing",
      "proident",
      "occaecat",
      "laborum",
      "laborum",
      "ullamco",
      "ex"
    ],
    "friends": [
      {
        "id": 0,
        "name": "Lily Roy"
      },
      {
        "id": 1,
        "name": "Moody Houston"
      },
      {
        "id": 2,
        "name": "Alvarado Barron"
      }
    ],
    "greeting": "Hello, Debbie George! You have 6 unread messages.",
    "favoriteFruit": "strawberry"
  },
  {
    "_id": "54f51aa3f2b358547b4582a7",
    "index": 4,
    "guid": "46934daa-4c8d-4996-996e-ecd13bca3f9b",
    "isActive": true,
    "balance": "$2,776.98",
    "picture": "http://placehold.it/32x32",
    "age": 39,
    "eyeColor": "brown",
    "name": "Christie Wade",
    "gender": "female",
    "company": "OZEAN",
    "email": "christiewade@ozean.com",
    "phone": "+1 (870) 526-3656",
    "address": "864 Bank Street, Martinsville, Wyoming, 190",
    "about": "Dolor deserunt nisi ipsum velit aliquip ullamco consequat nostrud labore nulla ut culpa voluptate dolor. Tempor duis ex nisi qui labore ullamco aliqua aliquip quis voluptate. Voluptate magna occaecat incididunt labore reprehenderit esse duis sunt. Id ut ipsum consequat nisi anim fugiat excepteur sint duis cillum esse enim est. Sunt mollit non reprehenderit proident velit ex amet tempor ipsum non excepteur incididunt sit.\r\n",
    "registered": "2014-11-07T01:58:03 +06:00",
    "latitude": 35.766333,
    "longitude": -40.593279,
    "tags": [
      "sint",
      "minim",
      "sunt",
      "eiusmod",
      "commodo",
      "excepteur",
      "Lorem"
    ],
    "friends": [
      {
        "id": 0,
        "name": "Loretta Weaver"
      },
      {
        "id": 1,
        "name": "Suzanne Dalton"
      },
      {
        "id": 2,
        "name": "Myers Daniel"
      }
    ],
    "greeting": "Hello, Christie Wade! You have 7 unread messages.",
    "favoriteFruit": "banana"
  },
  {
    "_id": "54f51aa35482e5b31a7ddad7",
    "index": 5,
    "guid": "f699dc0a-d304-462c-a560-88b5ab103342",
    "isActive": true,
    "balance": "$1,481.34",
    "picture": "http://placehold.it/32x32",
    "age": 21,
    "eyeColor": "blue",
    "name": "Joy Le",
    "gender": "female",
    "company": "WAAB",
    "email": "joyle@waab.com",
    "phone": "+1 (803) 402-3949",
    "address": "865 Louise Terrace, Neibert, Montana, 4750",
    "about": "Excepteur culpa ut occaecat dolore cillum aute ea tempor. Cupidatat id amet voluptate veniam duis eiusmod excepteur do dolore proident. Minim ea eiusmod ex qui minim Lorem elit. Dolore cillum aute in nulla enim dolore adipisicing est dolor amet qui tempor ea sunt.\r\n",
    "registered": "2014-10-21T17:05:09 +05:00",
    "latitude": -17.46636,
    "longitude": -161.76765,
    "tags": [
      "in",
      "officia",
      "qui",
      "aliqua",
      "nisi",
      "nulla",
      "magna"
    ],
    "friends": [
      {
        "id": 0,
        "name": "Gamble Carlson"
      },
      {
        "id": 1,
        "name": "Ladonna Rogers"
      },
      {
        "id": 2,
        "name": "Sweeney Hardy"
      }
    ],
    "greeting": "Hello, Joy Le! You have 2 unread messages.",
    "favoriteFruit": "apple"
  },
  {
    "_id": "54f51aa3f4a0ba3645f785c5",
    "index": 6,
    "guid": "1115d538-aea3-4c11-a3ac-63b26dba338b",
    "isActive": false,
    "balance": "$3,050.44",
    "picture": "http://placehold.it/32x32",
    "age": 27,
    "eyeColor": "green",
    "name": "Vance Foley",
    "gender": "male",
    "company": "VETRON",
    "email": "vancefoley@vetron.com",
    "phone": "+1 (951) 516-2528",
    "address": "614 Oceanic Avenue, Ellerslie, American Samoa, 1060",
    "about": "Anim reprehenderit ex nisi qui dolor laborum nulla ex in tempor ad. Fugiat nostrud voluptate laborum fugiat quis magna nulla quis nisi et Lorem. Adipisicing aliquip dolor incididunt do ullamco dolor dolore nisi est commodo ea nostrud. Nulla irure irure deserunt proident. Occaecat laboris sint cupidatat proident. Sunt proident exercitation amet cupidatat in nostrud ad aliquip.\r\n",
    "registered": "2014-05-03T00:22:05 +05:00",
    "latitude": 32.666636,
    "longitude": 92.551648,
    "tags": [
      "fugiat",
      "incididunt",
      "sint",
      "non",
      "magna",
      "deserunt",
      "excepteur"
    ],
    "friends": [
      {
        "id": 0,
        "name": "George Meadows"
      },
      {
        "id": 1,
        "name": "Martha Russell"
      },
      {
        "id": 2,
        "name": "Kasey Wagner"
      }
    ],
    "greeting": "Hello, Vance Foley! You have 2 unread messages.",
    "favoriteFruit": "strawberry"
  },
  {
    "_id": "54f51aa316b6a431de261d78",
    "index": 7,
    "guid": "2d8aa475-1b41-43dc-aaa2-670f375719a1",
    "isActive": false,
    "balance": "$3,881.09",
    "picture": "http://placehold.it/32x32",
    "age": 32,
    "eyeColor": "blue",
    "name": "Alma Mcdowell",
    "gender": "female",
    "company": "SPEEDBOLT",
    "email": "almamcdowell@speedbolt.com",
    "phone": "+1 (881) 560-3054",
    "address": "306 Quentin Road, Stonybrook, West Virginia, 1543",
    "about": "Officia est id excepteur elit eu deserunt. Labore voluptate labore laborum ea do et sit culpa. Anim est exercitation ad voluptate esse ullamco nisi culpa consequat. Nostrud incididunt magna dolor qui occaecat minim aliqua id dolore culpa voluptate esse. Nostrud ut consequat qui irure et exercitation eiusmod mollit. Pariatur elit consectetur esse amet do culpa.\r\n",
    "registered": "2014-03-29T09:07:34 +05:00",
    "latitude": 67.648338,
    "longitude": 96.568104,
    "tags": [
      "deserunt",
      "ad",
      "nulla",
      "do",
      "ut",
      "magna",
      "ut"
    ],
    "friends": [
      {
        "id": 0,
        "name": "Selma Drake"
      },
      {
        "id": 1,
        "name": "Kirk Heath"
      },
      {
        "id": 2,
        "name": "Oconnor Montoya"
      }
    ],
    "greeting": "Hello, Alma Mcdowell! You have 6 unread messages.",
    "favoriteFruit": "strawberry"
  },
  {
    "_id": "54f51aa3634ad0a7b0d44885",
    "index": 8,
    "guid": "0922f826-fc85-4374-8740-d2549e8abc4e",
    "isActive": true,
    "balance": "$3,925.28",
    "picture": "http://placehold.it/32x32",
    "age": 36,
    "eyeColor": "brown",
    "name": "Kelli Odonnell",
    "gender": "female",
    "company": "JOVIOLD",
    "email": "kelliodonnell@joviold.com",
    "phone": "+1 (930) 466-3086",
    "address": "982 Sumner Place, Thomasville, South Carolina, 2953",
    "about": "Consequat fugiat pariatur sit esse officia velit nulla sint anim. Sit elit dolor ipsum labore incididunt labore aute. Proident adipisicing excepteur ea irure id commodo. Deserunt eiusmod do qui commodo tempor sint. Qui labore cupidatat non sit laboris id consequat.\r\n",
    "registered": "2015-01-22T16:46:38 +06:00",
    "latitude": 39.960047,
    "longitude": -65.578316,
    "tags": [
      "exercitation",
      "enim",
      "anim",
      "nulla",
      "eu",
      "Lorem",
      "sunt"
    ],
    "friends": [
      {
        "id": 0,
        "name": "Chavez Garrison"
      },
      {
        "id": 1,
        "name": "Mack Hahn"
      },
      {
        "id": 2,
        "name": "Casey Hutchinson"
      }
    ],
    "greeting": "Hello, Kelli Odonnell! You have 10 unread messages.",
    "favoriteFruit": "strawberry"
  }
]